<?xml version="1.0" encoding="UTF-8"?>
<!DOCTYPE suite SYSTEM "https://testng.org/testng-1.0.dtd">


<suite name="Suite">
  
  <test thread-count="5" name="Test1">
  <groups> 
  <run> 
  <include name="Smoke"/>
  </run>
  </groups>
  <classes>
      <class name="T1"/> 

      <class name="T2"/>
      <class name="T5"/>
      <class name="T9"/> 
    </classes>
  </test> <!-- Test -->
  
  
  
 <test name="Test2">
 <groups> 
 <run> 
 <include name="Smoke"/>
 </run>
 </groups>
  <classes>
    <class name="T3"/>
    <class name="T4"/>
    <class name="T6"/>
    <class name="T7"/>
     <class name="T8"/>
     <class name="T10"/>
   </classes>
  </test>
  

</suite> <!-- Suite -->
