<?xml version="1.0" encoding="UTF-8"?>
<!DOCTYPE suite SYSTEM "https://testng.org/testng-1.0.dtd">

<!-- Here we run test cases parallely-->
<suite name="Suite" parallel="tests" thread-count="2"> 

  <parameter name="URL" value="suite-level.com"/>

  <test name="Test1">
    <parameter name="username" value="shubh"/> 
        <parameter name="password" value="Pass@123"/>     
  <classes> 
  <class name="T12"/>   
  </classes>
  </test>
  
  
   <test name="Test2"> 
     <parameter name="URL" value="test-level.com"/>
  <classes> 
  <class name="T13"/>
  </classes>
  </test>
   

</suite> <!-- Suite -->

