<?xml version="1.0" encoding="UTF-8"?>
<!DOCTYPE suite SYSTEM "https://testng.org/testng-1.0.dtd">


<suite name="Suite">
  
  <test thread-count="5" name="Test1">
  <classes>
      <class name="T1"> 
      <methods> 
      <include name="SecondSample"/>
      </methods>
      </class>
      <class name="T2"/>
      <class name="T5"/>
    </classes>
  </test> <!-- Test -->
  
  
<!-- Inside T3 class we want to remove MobileLoginHomeLoan-->   
  <test name="Test2">
  <classes>
    <class name="T3">
     <methods> 
        <exclude name="Mobile.*"/>  
        </methods>
  </class>
     
    <class name="T4"/>
    <class name="T6"/>
    <class name="T7"/>
     <class name="T8"/>
   </classes>
  </test>
  

</suite> <!-- Suite -->
